column 1,column 2,cluster label
1.165952079,0.318290812,0
1.413236885,3.422590231,0
0.626955283,3.428949717,0
1.980737596,0.447333101,0
3.054049157,1.182446937,0
2.525940576,1.174844368,0
1.744241614,1.354007326,0
1.904558002,0.984667726,0
3.431700927,1.947535022,0
2.096738995,2.993081137,0
0.920799723,1.09197723,0
0.634741673,3.205268375,0
2.145666464,2.060780076,0
2.610790573,3.35925262,0
3.435339325,1.4405783,0
0.977739035,0.319653704,0
0.473637056,0.732558761,0
2.252136399,1.832252953,0
1.561455534,3.030546716,0
1.725308803,1.905817809,0
1.388372811,2.409592606,0
1.426624745,1.411001442,0
1.596439578,2.088621959,0
2.617158917,1.193797496,0
2.326081845,3.941424082,0
3.030815958,2.919531052,0
3.552738523,2.714660598,0
1.848998401,2.707823229,0
2.402692107,2.223956184,0
0.178177588,1.779624332,0
2.628704416,1.531863226,0
3.07235219,1.899030554,0
3.800649424,2.495843735,0
0.980871889,3.007443731,0
3.069723787,2.719676076,0
1.765784368,1.605539171,0
2.323940843,3.102248513,0
3.636909814,1.930941064,0
1.577631996,1.401295629,0
1.513340608,3.427307164,0
0.555749085,1.350571576,0
1.819063392,0.102658603,0
1.118769286,3.725327695,0
1.840491545,3.284099074,0
0.210358726,2.33153652,0
1.982682012,1.216263405,0
2.281736147,2.934726267,0
3.519607501,1.605861548,0
0.811905214,1.764270406,0
3.032205311,2.26405775,0
3.773602389,2.71996267,0
2.332155868,3.334709433,0
1.613928681,2.525629937,0
2.65332644,2.483627472,0
0.400385412,1.888498424,0
2.309528982,3.749793796,0
0.724563517,2.280626817,0
0.489165953,1.099819235,0
3.13720527,1.047464026,0
0.783159733,2.640709586,0
3.083435796,3.026310945,0
2.519308041,3.412782969,0
3.491073605,2.565780223,0
1.554038938,1.988110769,0
1.287339476,1.000939294,0
0.508217051,2.364296557,0
2.041126443,0.234101148,0
1.32235089,3.160715288,0
2.148195689,0.629484553,0
2.092590628,1.06469789,0
0.661601302,2.729762903,0
1.534318236,0.791107511,0
2.693797985,3.514351135,0
2.905583106,3.205477564,0
2.683232014,2.196800741,0
1.507709501,3.650383447,0
3.706952629,1.772445777,0
3.298740054,1.1266666,0
3.133481092,2.081939503,0
3.266169936,1.21613667,0
1.275176753,1.989834673,0
2.266571152,3.832713363,0
2.11864151,0.468584611,0
1.700130144,2.506825474,0
0.343971297,1.778229512,0
1.061058469,2.723511734,0
0.132939987,1.67726988,0
1.977834348,2.891097349,0
3.799632979,2.325289101,0
2.209792709,1.628014466,0
2.344779853,2.918076616,0
2.252665676,3.197970911,0
1.164006488,2.289077367,0
1.630648488,0.637732163,0
1.533713426,2.743952363,0
1.763196098,1.677153715,0
1.28191384,2.71566444,0
1.909958598,1.05030773,0
2.085304409,2.433887802,0
1.558022079,0.754399614,0
1.591390675,2.337767198,0
0.851776778,1.957252796,0
2.749522277,3.045578366,0
2.06341095,1.144560893,0
1.305605227,0.809401601,0
3.767587112,2.113202914,0
3.40033111,2.460788482,0
1.695889785,1.876924652,0
1.373644134,0.423579513,0
3.556576623,2.875912618,0
1.620596994,1.971591758,0
1.735509559,3.367887536,0
3.644951569,1.328081064,0
3.809732809,1.632163238,0
0.599336616,3.403622997,0
1.600052709,0.721010753,0
2.544499256,1.786505041,0
3.783133208,1.807983956,0
0.92522797,2.627332412,0
2.837876072,2.030151676,0
1.210084486,0.415599298,0
2.938045848,1.579478316,0
0.645746918,0.917900006,0
0.325641824,1.246831039,0
2.069301716,3.520651614,0
1.051660042,2.190843874,0
3.001463612,1.920984651,0
0.365417864,3.146069605,0
0.125497975,1.549996364,0
1.001542593,1.19501159,0
3.298144824,1.283195275,0
2.68271356,2.689981841,0
1.755168281,3.702180579,0
3.014404384,3.342180638,0
2.946288505,3.567437923,0
2.54381774,0.160721263,0
1.061378878,3.162808741,0
3.156501386,2.427506181,0
2.192706274,3.560815297,0
1.978034017,2.286455872,0
1.825929328,2.11908224,0
2.813961766,3.699706311,0
2.287395947,3.055168502,0
3.384000314,2.838044247,0
2.706540716,0.881470312,0
3.9384143,2.096585421,0
2.171222095,3.519257069,0
1.937301888,3.73300943,0
1.522209196,0.731160116,0
2.719186867,2.542029728,0
2.001382778,3.358247973,0
2.745301314,1.470495743,0
0.811956756,1.146856295,0
3.648033654,2.366183952,0
3.205144811,2.410321119,0
0.585885359,2.2922666,0
3.613011582,0.859351684,0
0.860068505,2.991358698,0
2.048517212,3.644229303,0
3.282521058,1.320123153,0
3.340851104,1.418305112,0
1.413957452,3.593959837,0
2.024361433,1.487432412,0
0.826502551,0.766248659,0
1.898772153,2.484425214,0
0.671504626,2.987173679,0
2.647781234,2.336125424,0
1.958159985,1.713734425,0
0.704061455,3.066361065,0
2.016356206,0.274638997,0
2.4795133,3.807818154,0
2.278533494,3.024375438,0
3.379699814,1.066337118,0
2.687703106,2.436345966,0
1.595233342,0.407516457,0
2.586926698,1.66334176,0
2.847558615,2.666938595,0
3.131799283,1.612266647,0
2.802289207,2.65067815,0
1.280576153,0.79901653,0
0.978378988,2.829226819,0
1.084193459,0.871458281,0
2.099126155,0.319823989,0
3.500181183,0.961648203,0
1.892925548,0.065183868,0
2.961213753,1.492573685,0
0.066985727,1.70126238,0
2.919811675,3.273597365,0
3.738941141,2.293219801,0
2.556926858,0.836739365,0
3.502704583,3.175383551,0
1.676073971,2.93421601,0
3.240734949,0.830209543,0
2.97295454,3.132945716,0
2.427712458,2.196892541,0
2.714597847,0.171627136,0
3.192858068,2.833726623,0
0.928357546,1.567160176,0
3.064843787,1.888756001,0
0.617879637,1.059909614,0
2.420515192,1.086412438,0
3.188459005,0.478147524,0
2.492192023,2.898406522,0
1.01839031,3.367686762,0
3.443545758,2.948591568,0
0.126099524,2.39242476,0
1.557657069,3.000247651,0
1.115279404,1.90348576,0
0.718241224,2.397263628,0
1.822139384,1.908353262,0
1.222885544,2.908637959,0
1.199281923,0.847407336,0
2.505836241,3.051761135,0
2.22927518,0.31566099,0
2.041950725,2.528951296,0
1.312203126,1.388264236,0
2.291345037,1.811993909,0
1.49115442,2.816578719,0
3.094222974,2.793556279,0
1.42667793,2.155327029,0
1.939244739,0.054976006,0
1.368070884,1.756159362,0
2.12444355,0.818156975,0
1.348200693,1.508504143,0
2.313025539,2.853902024,0
1.707542481,2.872752159,0
1.253341632,0.84410395,0
2.214502299,1.625380856,0
1.807937286,2.104066119,0
0.833214753,2.876979509,0
2.227342977,3.744970955,0
3.021519727,2.904253885,0
2.070951307,0.774196333,0
0.873893819,0.77444292,0
3.127745506,1.699080794,0
1.788008914,0.039069557,0
2.423766877,1.113568231,0
1.271277713,2.18281636,0
2.923325328,3.414554151,0
0.129710151,2.025025288,0
2.555258943,3.469479435,0
2.460706854,3.671602285,0
1.098788114,0.565923218,0
2.346345299,3.239052186,0
0.891387469,1.702718496,0
1.379027491,2.334053009,0
3.729728767,2.40562223,0
0.824106032,2.439555662,0
0.963447571,2.433996273,0
2.802582328,2.777048264,0
2.591565037,3.274039475,0
2.6376736,3.625334193,0
3.202342841,0.492485795,0
0.141445076,2.18211329,0
0.535141251,3.011650851,0
1.280835099,1.942399093,0
3.517483373,2.180556769,0
3.703058622,2.428711257,0
1.255985172,1.90195195,0
0.554749301,2.756248793,0
2.311194178,1.559331482,0
2.67349065,2.735380337,0
1.297395918,2.061271661,0
3.032908291,0.574405379,0
0.50911481,1.375620778,0
3.043255621,0.522723033,0
2.76452365,2.853264153,0
2.462759303,1.316902387,0
2.663816841,1.840288907,0
2.158518898,2.570461388,0
1.750695893,3.541534041,0
3.621012534,2.852185113,0
1.369688826,0.404527847,0
1.186789969,3.260174705,0
1.134691231,0.786956898,0
1.183664619,3.525887926,0
0.566533908,1.312980173,0
1.369200724,3.099202413,0
1.403221402,0.644051178,0
2.557307721,0.77084855,0
2.06821998,1.365458768,0
0.667166058,1.341916522,0
2.970767343,1.80014988,0
0.906499701,0.381470244,0
1.399380948,1.960014564,0
2.60359594,2.253617784,0
3.090097723,2.533790419,0
1.313339515,1.834174359,0
2.580988891,2.730722845,0
0.67042952,1.907772105,0
0.355818922,0.895440431,0
2.354790987,1.151958808,0
2.661994651,3.268449487,0
1.726422022,2.104309784,0
3.448656709,3.187722336,0
2.911115533,1.660320669,0
1.242503108,1.121165217,0
2.143357453,0.252959907,0
1.891430789,1.610699221,0
1.867891301,3.270643646,0
3.451785374,1.176022059,0
3.10560637,1.928224372,0
1.847260056,2.306675698,0
1.379964097,3.37307774,0
2.954573322,0.937131787,0
0.88827336,1.847279155,0
3.710175877,1.459359488,0
0.096623062,2.508255588,0
2.575086802,1.624437682,0
0.333450616,2.060479358,0
2.444313326,1.19663625,0
2.661864337,0.37186928,0
0.141395184,1.268663977,0
1.79190601,0.442819568,0
1.177834442,0.646860485,0
3.401142696,2.410957641,0
1.439856733,2.385302416,0
0.951234912,0.556372601,0
1.854531157,3.466858299,0
0.712072177,3.121272034,0
2.373383691,2.323508082,0
1.231487316,0.586461939,0
0.262165424,1.091993911,0
2.925525919,0.437910028,0
0.479573615,0.894977058,0
0.842095462,1.384160437,0
0.036925475,2.329863757,0
2.528651772,2.873302893,0
0.821458921,2.210085643,0
0.997538898,1.713784557,0
2.973632885,0.288918828,0
1.948058835,0.001675921,0
1.670237151,1.583030525,0
2.858397676,3.143766926,0
1.139670403,0.818977968,0
0.04948278,1.722111157,0
1.714464639,2.101313175,0
1.578550719,2.566969368,0
3.072294288,2.914204798,0
2.806193346,3.05405362,0
3.278614209,3.057912922,0
1.2929008,0.464411423,0
2.46450391,3.546833174,0
1.980187573,0.627373392,0
1.52681132,3.265539359,0
0.174098499,1.291709034,0
1.5518273,0.720375419,0
1.826523922,0.549375684,0
2.985845771,1.088106205,0
2.336697825,2.466826628,0
1.579748597,1.860333789,0
2.641336429,3.017965653,0
0.098983156,2.063600853,0
2.156967478,0.461279379,0
3.27439096,1.576125519,0
2.700188202,1.70770562,0
1.03608423,0.53448229,0
2.703523546,3.091510664,0
2.840606711,1.492694186,0
2.825393497,2.450566517,0
3.80390069,2.414353513,0
1.868051785,2.524869467,0
0.982571483,0.820539651,0
0.250190739,1.417022642,0
1.82695195,3.54122897,0
0.799003246,1.26922117,0
2.828185922,3.03606009,0
0.514538989,0.665198409,0
3.257516694,1.662988097,0
0.78479071,0.788194398,0
2.078232028,0.219808562,0
2.736552499,3.58449298,0
2.044784621,3.598412202,0
1.649571116,3.6946047,0
1.059397563,3.385488458,0
1.774322154,2.125010056,0
2.284426762,3.29255091,0
1.356453355,3.681183727,0
1.365089448,0.26843886,0
1.703581012,0.992691669,0
3.657104258,2.148238909,0
2.489089407,2.497027476,0
1.588432049,3.804211068,0
3.089034851,2.115668208,0
1.671736639,1.187642364,0
2.581877838,0.190811601,0
0.553687625,2.824386065,0
2.741117352,3.182028173,0
2.072757946,1.92747812,0
0.764787145,1.865237955,0
1.87354777,0.041067958,0
3.216526443,3.218779747,0
1.64701596,3.24982677,0
2.721987074,3.7000545,0
0.562609916,1.251843734,0
2.56892105,0.970897808,0
3.263732251,0.924606117,0
3.414657142,2.610943021,0
3.046994309,2.394372475,0
1.802379619,3.434843741,0
0.705756318,2.757836402,0
2.33662073,0.73989259,0
1.937954471,3.255004806,0
0.678533375,1.955755462,0
2.474840617,3.893477256,0
0.460035436,2.046274819,0
2.1487365,1.565745455,0
2.982273088,1.070396507,0
2.136612379,2.496565624,0
3.022210919,1.523235372,0
1.977585007,1.133637007,0
2.579223016,1.155106609,0
2.057530687,2.103954801,0
0.672442246,1.982393429,0
0.14395541,2.275958918,0
0.419346779,1.032328735,0
2.461899648,1.140768366,0
2.338600844,1.372037362,0
0.245243865,2.386530543,0
2.05262366,2.539651361,0
1.341668187,3.33502974,0
1.56620295,1.440090038,0
1.004545247,3.225504299,0
0.303231744,0.996808533,0
2.472859337,1.265925559,0
1.17048409,0.428182234,0
2.912337059,1.184523436,0
2.572839777,3.426948335,0
3.609655542,2.463497766,0
0.136062482,1.760142919,0
1.588415902,1.123190108,0
3.732570626,2.631132237,0
1.754910209,0.538996147,0
1.121519283,2.415096599,0
1.290239019,3.638210791,0
2.263805001,3.733880083,0
2.806109495,0.31944886,0
2.116396351,3.053914278,0
3.522182582,1.051862791,0
1.92243021,0.131714601,0
0.678689884,2.489962689,0
1.133195593,1.205597115,0
2.319548767,3.110468737,0
0.573135682,3.06905286,0
2.749796993,2.545014175,0
3.360369678,0.717693731,0
3.622700352,0.896138998,0
2.726159937,3.242029662,0
2.132058951,2.917071974,0
2.935214866,0.952619437,0
3.270061499,0.954085379,0
2.545572915,2.013168563,0
0.916726771,0.910070353,0
2.616233355,3.624961322,0
3.386111863,0.880145362,0
1.849358901,2.722784215,0
2.709616626,3.283620918,0
1.841483713,1.335241601,0
2.1712192,2.257837301,0
0.737227654,2.697095666,0
2.617115065,1.397458187,0
0.138343303,1.35761734,0
3.828114213,1.509461072,0
0.739279531,1.891427496,0
2.155724713,0.529343478,0
1.227822988,0.913586227,0
0.618054773,2.974243834,0
1.583038878,1.806115723,0
3.501124275,1.290365969,0
0.461861561,2.42966637,0
3.214814726,2.080876851,0
2.806545548,1.794949083,0
0.489205386,3.044930035,0
3.265466671,3.456969622,0
3.116002279,2.954986939,0
1.379080415,3.369795086,0
2.119818807,0.768837116,0
3.115454092,3.035493617,0
1.766868523,0.632361179,0
1.262776468,3.378763736,0
1.883156937,2.132997069,0
0.095256409,2.411360845,0
0.183945349,1.549360481,0
0.985566092,1.791291747,0
1.882206207,3.817209394,0
1.469032001,1.250880601,0
2.603838724,1.717833123,0
2.858302,2.720369641,0
2.889198517,0.358346122,0
1.800142875,1.685192973,0
2.805113962,1.743670493,0
1.988660456,3.602968785,0
1.965082804,0.380451198,0
2.778311203,0.178125935,0
1.482313255,0.155596934,0
1.089474749,1.373122712,0
1.696356059,2.310048762,0
2.445430534,0.932987136,0
3.534290212,1.046294668,0
1.530727412,1.081998247,0
2.96816124,1.343047809,0
1.621222929,3.140894989,0
2.350400631,0.064374604,0
0.748377003,1.22669934,0
1.380073844,2.783488828,0
1.317767548,0.541927419,0
1.155404563,3.346117162,0
2.448615347,1.475881397,0
1.672603756,0.701665203,0
3.528534307,2.018915935,0
2.12149453,2.334503112,0
0.792112091,1.954871715,0
3.298748053,2.05611865,0
2.378550192,2.43990429,0
1.650143652,3.365311685,0
3.525790476,1.985628022,0
2.855198306,0.610115407,0
1.854073938,2.931051817,0
1.089899653,1.868897303,0
1.321812653,3.56770351,0
0.551345149,3.152686759,0
1.883713915,1.226809515,0
1.538090161,3.212572197,0
1.334554159,2.457979127,0
1.664286648,0.733682274,0
2.488254306,3.551719038,0
2.711935419,3.137331612,0
1.833218372,1.125804474,0
1.272766813,3.82491852,0
1.965528678,3.433827404,0
2.832112443,2.243067297,0
1.723324771,0.065094619,0
2.340061804,2.924856235,0
2.330235552,2.784847604,0
3.380374475,2.513908342,0
0.216441393,1.458051059,0
1.377822318,2.799248964,0
1.458916195,3.19247282,0
2.775730635,0.283358789,0
1.024238915,2.528800695,0
1.776924125,0.379039073,0
2.447793124,2.386747382,0
3.412165924,1.53200114,0
0.079732057,2.063284362,0
2.438424914,3.603175703,0
1.902839698,1.705472637,0
0.387613151,1.530051881,0
0.761344528,2.231411892,0
3.465541199,1.708960152,0
3.762137582,2.508894518,0
2.266602309,0.659240629,0
1.337453716,0.280955188,0
2.406163857,2.870188139,0
3.206919536,3.406576978,0
0.750841656,1.418166549,0
2.746494517,2.607050756,0
2.289684025,1.748509573,0
3.69756092,2.100645162,0
2.09506376,3.398753099,0
0.267862541,2.32492892,0
3.36182264,1.856838684,0
1.820613764,2.600758029,0
2.92860399,1.221030358,0
3.109582037,0.426004751,0
2.598400165,1.567638406,0
2.343889123,0.129477883,0
0.177265444,1.305190077,0
2.977223217,1.005170084,0
1.743766628,1.664527218,0
2.13899756,0.82785388,0
1.010515069,1.311884202,0
1.592123808,1.2525812,0
0.656129898,1.161900294,0
1.364066324,2.335283684,0
0.274838322,1.947012749,0
0.427376841,2.422313698,0
0.949126546,2.894524633,0
1.406320948,2.96014536,0
1.278841338,2.159729221,0
0.53415672,3.239259335,0
3.616162224,1.459660279,0
2.544615441,0.221383912,0
3.384710095,1.864944183,0
0.974589661,1.550069604,0
2.030710979,2.922743007,0
3.282372073,2.505273943,0
1.141168385,1.794341641,0
0.970892295,2.158756869,0
1.529753629,2.331280965,0
2.984627045,3.190986287,0
2.802267233,1.779905792,0
3.34392547,2.079297093,0
2.568741445,2.809389903,0
3.362490882,1.641873927,0
1.940146282,3.714330894,0
2.71840959,3.058689736,0
3.470959515,1.680646867,0
3.649478752,0.898061841,0
1.97892765,0.356312583,0
1.470104936,0.146979442,0
2.296399193,1.406701759,0
1.867208702,2.627964192,0
1.557548216,1.148941768,0
0.781222108,3.481307947,0
1.848089191,2.151655127,0
2.575556164,0.275647959,0
3.319265099,3.381916659,0
3.375657979,0.848744207,0
2.400454355,1.282657092,0
1.666370132,2.22548723,0
1.169314383,0.740678985,0
1.892409652,2.954505688,0
3.564433759,1.574382372,0
1.86230347,3.273068242,0
0.77757914,0.627939988,0
1.425372312,1.97323569,0
2.451076345,1.5242496,0
0.022825409,2.038969877,0
2.344758261,1.642678735,0
3.03726547,1.04680877,0
1.675585203,3.027757809,0
2.147534409,0.148472478,0
1.181573749,1.639757829,0
2.015093536,0.278352076,0
1.361621027,3.450869411,0
2.223412097,1.864416139,0
2.585096834,2.004319641,0
3.085456231,1.162854057,0
0.181875849,1.531433397,0
1.478968341,3.236009311,0
1.951150174,0.641956612,0
0.646271912,0.997549855,0
2.299503362,3.449820758,0
2.217679228,1.907286771,0
0.170167666,1.339843986,0
2.471409973,1.211609741,0
3.740774915,2.864538084,0
1.259781276,2.54417212,0
2.264797864,0.027832129,0
2.492835359,1.819308444,0
1.718258525,3.242615907,0
1.518659671,1.731624827,0
3.161744477,0.471803265,0
0.941899717,2.491607761,0
2.872029603,0.611669763,0
3.838556522,2.491372937,0
2.160442219,0.531708596,0
0.435721124,0.824033758,0
0.46510803,2.244292503,0
0.968713675,1.19084687,0
2.513025125,1.802294335,0
2.254221921,1.747542397,0
2.21299295,2.548468249,0
1.426508529,1.498390547,0
2.729476253,2.725471206,0
1.079606551,2.016835783,0
2.64302704,1.181795681,0
1.10602465,2.049728939,0
0.154518467,1.428571067,0
1.543100461,3.288977825,0
0.933833937,2.14108086,0
2.682952665,0.701469899,0
2.455588747,3.216156681,0
0.497470747,2.476244214,0
1.161401016,0.987629157,0
2.836205692,0.563169047,0
0.424134227,1.741364005,0
2.597891901,2.120636872,0
0.488900369,1.625776886,0
1.901424221,0.417821361,0
1.279313832,0.869396429,0
1.419956519,0.962716708,0
3.093579144,0.805107972,0
1.484774174,0.515545083,0
2.366806369,0.973685648,0
3.700496065,2.602223641,0
2.67196556,3.425435663,0
0.101641215,2.394431692,0
0.330550095,2.17517872,0
3.548434359,1.329708759,0
1.459967426,0.474927809,0
2.749000887,1.934022506,0
3.314908535,2.918558061,0
0.627556161,1.045294527,0
2.517454702,0.933641767,0
2.815260268,1.647650359,0
3.715001788,2.601590473,0
3.789203959,1.711753379,0
1.113923941,1.224950201,0
2.10356881,3.155317496,0
1.361341539,2.816636386,0
2.849157206,3.005519016,0
0.568313664,1.170213106,0
2.138067499,3.309618369,0
2.275901499,3.53677216,0
2.375741613,2.500251885,0
3.128818145,0.611869116,0
2.591022063,3.413521687,0
0.490110271,2.835334841,0
1.365226775,3.318009246,0
0.903506754,3.073401105,0
2.492266789,3.053691272,0
0.439190075,2.423801382,0
3.974029146,2.152834955,0
3.432389005,0.70929807,0
3.450490878,2.991567682,0
1.697729175,0.566350323,0
2.933984171,0.742718565,0
2.193538039,3.21946272,0
2.825787589,2.797667939,0
2.221413319,2.168828534,0
3.9452061,2.246992542,0
2.315198214,1.259234302,0
1.404648629,1.329278434,0
2.350329477,3.139522933,0
2.470526149,2.018760171,0
2.355871069,3.061648326,0
0.405268806,1.79874856,0
1.476179929,3.857212911,0
1.789802237,2.916034576,0
1.820138904,0.35327414,0
3.41813782,2.233187721,0
1.377018822,3.882533686,0
1.859098316,1.3548,0
0.738718453,1.390860514,0
2.328558447,0.540686606,0
1.804922481,3.330937302,0
2.598671817,3.487634128,0
3.669803477,2.346462539,0
2.868226563,1.435061003,0
3.205104676,1.26965487,0
2.068615341,0.664086624,0
1.866485417,3.532148678,0
1.980559279,0.925745363,0
3.862306278,2.577154842,0
2.631628479,2.559138218,0
3.004930044,0.364760071,0
0.560722708,1.154655365,0
0.956767356,0.505306434,0
0.969157673,3.605530643,0
3.366919877,3.12652751,0
2.718203351,0.42425075,0
3.034450471,2.753694332,0
0.329917601,1.477662821,0
2.391680706,2.495171927,0
2.448245021,0.419137785,0
2.405513802,0.403045144,0
0.544505122,0.710551399,0
1.055705477,0.533287442,0
2.93571827,2.123224747,0
3.05783325,1.525439276,0
1.784249968,2.087655838,0
0.908582564,2.434293904,0
0.479820973,2.579978803,0
2.910982389,3.129548199,0
2.95768571,0.264417225,0
2.486821368,0.35942187,0
1.980999062,0.774655234,0
2.398084687,0.223672443,0
2.481016106,2.36928142,0
3.48340239,2.623529709,0
3.780703765,2.883949702,0
1.370400528,1.319979213,0
0.792021492,2.093895448,0
1.543856195,0.399322959,0
1.602949772,2.848895649,0
1.51888282,0.383265004,0
2.933643346,2.342023175,0
2.293565685,0.630018936,0
1.424692596,3.901785026,0
3.931035848,1.753775684,0
3.613707187,1.571553365,0
2.348493976,2.156849092,0
0.969348998,0.842383327,0
0.548373075,0.862253166,0
1.192347582,1.062306005,0
0.472157828,2.610724973,0
3.368719496,1.199968114,0
1.211650195,0.888436478,0
1.896368968,0.115370247,0
3.310930745,1.590798928,0
3.02995979,1.142849702,0
2.317442631,3.365912595,0
2.410631738,2.596173718,0
2.289843884,3.263470947,0
3.480644584,0.723774448,0
1.087937497,1.027557459,0
1.552968513,1.856527079,0
2.875557459,0.359813628,0
0.897245331,3.321156915,0
3.290030227,3.187675924,0
1.449655331,2.728781646,0
2.687994871,0.434541684,0
3.315544906,1.344638854,0
2.835026839,3.226536577,0
2.592118162,2.741076836,0
1.451242012,0.802441782,0
2.562758203,0.827777368,0
2.978958799,3.291150397,0
1.532220192,1.825120762,0
1.979794212,2.791733915,0
0.245020608,1.774826433,0
3.006150087,0.613523029,0
0.79945722,3.201400399,0
2.361905461,1.159047708,0
0.835355101,0.430184184,0
3.186738106,1.383807711,0
1.397091577,1.030338689,0
1.881760886,2.160294043,0
0.546477949,1.919314757,0
3.55360784,2.072997462,0
3.937012423,1.513942426,0
2.784211806,2.746564564,0
0.937192856,0.411213948,0
1.240987022,3.183416135,0
2.391976072,3.68414364,0
2.670252376,3.006490866,0
1.790528551,0.728844815,0
0.853882181,2.969474595,0
1.953416478,0.579626513,0
1.827984237,1.195459309,0
0.007659221,1.938433899,0
0.809141242,3.022045795,0
3.5931546,1.753011218,0
1.565063901,1.795900558,0
1.885291528,0.129012889,0
2.674135079,1.358252435,0
2.697342139,2.958495849,0
1.163964486,1.780127976,0
2.279813391,3.501497018,0
2.537641219,1.629428969,0
2.672779714,3.222967793,0
1.200713041,2.309742478,0
0.177852615,1.927543967,0
1.850560762,1.444504817,0
3.834161035,2.115578093,0
2.521187676,3.007321374,0
1.961627937,0.371729357,0
2.263290727,1.288270688,0
3.120834774,2.194595504,0
1.694941634,0.323455316,0
2.666641019,3.072948278,0
2.497827331,0.920989242,0
1.724403881,2.123278039,0
2.719702253,1.965198879,0
2.12681573,3.764423902,0
1.616013629,3.471362288,0
1.997226601,2.205495398,0
0.730865907,3.310658109,0
1.675994374,2.485306265,0
0.100302057,1.766010564,0
2.799210104,0.561410979,0
2.838009101,1.949354633,0
0.331464396,2.397925416,0
0.795691879,0.743487266,0
3.112537416,3.45582601,0
1.021152467,1.787180187,0
0.901203748,1.563037801,0
1.380002148,2.845605441,0
0.978874908,2.291349425,0
1.86692266,3.261302019,0
3.631762962,2.014808795,0
1.835339811,2.6757407,0
2.834569284,2.078869707,0
2.645726106,3.767685415,0
0.499390171,3.076674382,0
2.353828712,1.193018705,0
2.351711497,3.629680554,0
2.008350388,2.618083391,0
1.515977831,3.784588836,0
1.779599922,2.659086485,0
3.945902597,1.704485421,0
3.924739118,1.503113526,0
1.742857196,1.626022677,0
1.10792154,3.24312394,0
0.821966613,3.16120061,0
2.73303474,2.323014327,0
1.705805119,1.967194183,0
3.161288921,1.566954884,0
2.759912157,3.710447497,0
2.498589016,2.353842446,0
1.105622738,1.711577552,0
3.036172159,3.582231819,0
1.219586361,2.227026264,0
1.492476556,3.709317138,0
2.207496629,3.682491203,0
0.041934587,1.851190487,0
1.263012851,3.407703793,0
1.355566945,0.726649629,0
1.613359915,2.235851647,0
3.397806053,1.277665211,0
2.154266617,0.10289351,0
0.871377858,0.463918381,0
0.582364008,2.253742826,0
2.485464975,1.946553617,0
3.016939594,1.702882116,0
1.504428764,2.054928064,0
3.322532342,2.125754301,0
2.766188344,2.142420274,0
0.640881847,2.148735293,0
0.232235376,2.310811485,0
1.901476675,3.546339802,0
1.22152049,3.453394133,0
1.934074567,1.735164307,0
1.844473075,2.088247769,0
2.212103876,1.558714398,0
2.494902968,1.491198802,0
1.50431887,1.112913923,0
1.658951808,1.611061184,0
1.996262362,2.05059083,0
0.812651003,0.467623334,0
2.350855419,1.718763062,0
1.515861537,2.252536306,0
1.63931964,1.012434054,0
2.866101059,0.364760797,0
1.515427852,2.882202756,0
1.040938684,0.493298245,0
2.123538902,2.072179858,0
3.037050547,2.869595978,0
2.505421344,1.916421859,0
1.258931827,1.405676389,0
0.999927564,1.957962638,0
2.104582507,0.457381892,0
2.376389051,2.886273827,0
1.487471479,2.357726406,0
1.444573608,0.405250405,0
1.584941114,2.539528743,0
1.246201293,1.324198045,0
2.162687898,0.526392103,0
2.304755359,0.698335025,0
1.341298551,0.398649236,0
1.010056642,2.154357387,0
2.265212386,0.886069786,0
2.323962453,0.957495214,0
3.419705456,0.592477058,0
1.320525633,3.698393902,0
0.983635899,2.126372255,0
2.446487727,3.348534953,0
2.876973547,2.172891647,0
0.584085198,2.961902097,0
0.648021593,1.962088712,0
1.78926505,0.67228437,0
0.455929255,2.867253534,0
1.079473448,3.557447337,0
2.735901821,0.798314484,0
0.433063845,3.14956838,0
0.768653331,3.060660446,0
3.196117083,2.122516632,0
1.707800201,1.784665424,0
2.671291906,1.513502582,0
1.079394982,2.126143385,0
0.092416741,1.973131776,0
1.381440541,0.858702715,0
3.811798674,2.672563797,0
2.416471535,0.299873139,0
2.574851716,0.332320936,0
2.790826302,1.987107556,0
2.617163238,2.068252516,0
1.341972782,1.870971928,0
1.784539813,3.177061297,0
2.747704219,2.403055468,0
0.500796379,1.013571633,0
1.695696258,2.823425228,0
1.948588286,0.049622396,0
1.531787005,1.935126291,0
1.608365481,0.399806495,0
3.289799657,2.476072473,0
1.313485835,0.928709316,0
0.771081379,3.450632975,0
2.405017385,3.702616595,0
1.98189363,0.281247407,0
3.543628273,1.445772024,0
1.466571136,2.275709567,0
2.309410278,2.093156181,0
1.85813744,1.927728519,0
0.177020673,1.632311405,0
3.067716554,3.275632671,0
0.5538464,2.750845235,0
2.972171624,1.164317643,0
3.814695848,1.82036957,0
1.935843341,2.258224075,0
0.830764383,2.592897756,0
2.517199575,2.512787379,0
3.205265188,0.755447308,0
3.000761592,2.487300444,0
1.451130639,0.2385372,0
0.38728397,2.521732327,0
3.082869763,2.323759149,0
3.358758764,2.979404464,0
1.389675665,1.192003113,0
2.874814649,1.067557752,0
3.583698468,3.212637765,0
3.769475458,2.04820369,0
1.139344957,1.661441138,0
2.356673099,1.214331392,0
1.743580283,3.38887665,0
2.260684904,2.89424128,0
3.105074078,0.436044476,0
2.950582863,2.019539577,0
1.576488857,0.486548796,0
2.968606794,13.53992786,1
1.292003772,11.73975542,1
1.175416354,13.63199074,1
2.838864654,10.4326362,1
2.77408317,11.27551005,1
2.572803814,13.47795681,1
3.042882808,11.17358467,1
3.613005229,12.14026403,1
3.019462878,11.23480611,1
2.056222642,11.87083721,1
3.732759114,11.15566562,1
1.954027055,12.55297946,1
1.827829528,13.05486702,1
2.397249736,10.44477094,1
2.515638837,10.59242546,1
3.417388204,12.40721804,1
2.935787698,11.79436838,1
1.180183252,11.23512811,1
1.104077871,12.4103806,1
2.097366115,12.40773022,1
2.332888032,13.71570794,1
0.255952527,11.0283532,1
2.255473793,11.66324578,1
1.543038662,13.62837025,1
2.504411612,13.05637547,1
1.522527614,11.92767466,1
2.107377956,11.24956525,1
1.992201698,13.56763454,1
1.298236163,12.13562191,1
2.530586255,12.49629271,1
1.741661691,13.49762507,1
3.2976934,12.97951125,1
2.595509417,13.37052793,1
3.917757301,11.74109488,1
1.946123144,11.61053602,1
2.947689611,10.8543376,1
2.987850356,11.32888612,1
0.886155507,12.06900263,1
2.610761322,12.63730624,1
3.3412185,12.68964753,1
1.877846684,10.0532603,1
2.43560349,10.10882025,1
1.715394842,12.5412255,1
2.876466245,10.76252911,1
1.306417192,10.96189152,1
3.27462614,12.30961407,1
3.459139881,11.94332155,1
1.445156103,10.97859839,1
2.800218147,13.44275382,1
0.912195462,11.87505799,1
2.523070946,11.98823317,1
0.53481964,10.90967336,1
1.213743555,11.78417172,1
1.209729702,11.40903581,1
2.676046341,11.38785566,1
3.901837316,12.18259388,1
3.853078219,11.37019163,1
3.090128282,12.88806555,1
0.530587137,11.67680747,1
1.283903854,12.04095952,1
2.293574352,11.84378242,1
3.395886495,13.31663517,1
3.148963071,10.42024816,1
2.179371442,10.74475505,1
2.218319735,12.94046761,1
1.669246312,12.48982681,1
1.755000355,10.14381608,1
2.259878923,10.5351861,1
1.041861785,12.35313496,1
1.632078153,11.54282673,1
3.069846703,13.40439658,1
1.94584371,11.2847413,1
0.928715013,12.66551709,1
3.829267375,12.21968332,1
1.044483317,12.52357634,1
1.234023498,11.8311527,1
0.817377132,10.48354974,1
1.336653209,11.94138854,1
0.609460244,12.07285906,1
3.121479204,13.20371544,1
1.974613493,13.81511274,1
0.801236691,12.28779882,1
3.422293329,12.15977693,1
1.747384281,13.32542414,1
3.484066181,12.39867501,1
1.522958005,12.33460294,1
2.758235629,12.48712593,1
2.249427056,13.39154536,1
0.469513815,12.65136624,1
2.504103769,11.64795532,1
0.637273532,12.74742901,1
3.048854102,11.79451996,1
1.345142015,10.44132885,1
2.488522546,13.16265659,1
1.576072015,10.31342209,1
0.752197652,12.64797288,1
2.697807135,13.4746543,1
1.398167274,12.95417179,1
3.272226329,10.84081701,1
2.108595782,10.02096443,1
0.925541554,13.47193579,1
3.477319394,10.89670114,1
2.212008583,12.29323101,1
3.301922118,13.3073993,1
0.510919267,11.59076201,1
1.869629731,13.81819309,1
1.03329902,12.87095393,1
1.442473703,12.3098743,1
0.957687602,11.60204685,1
3.119377244,10.96165442,1
3.267586148,11.91808444,1
3.849057619,12.60943046,1
1.948256814,13.26163585,1
2.731868462,12.33290538,1
0.163712132,12.10606989,1
2.998931193,10.8868986,1
2.610748932,11.09309622,1
2.024995467,11.40047318,1
2.534416954,10.58846898,1
2.60859523,12.68881176,1
3.136376044,13.21431477,1
3.409182057,12.32816033,1
3.73775215,11.093724,1
2.462815974,10.26059769,1
3.617135201,11.88172239,1
2.670543931,11.36789883,1
1.572325426,10.65869941,1
1.249967911,13.13259245,1
2.753246686,11.30966413,1
0.95190222,13.54653647,1
1.474598574,12.63446139,1
0.249266548,11.08159762,1
1.437737891,13.11236229,1
3.627196288,13.00518746,1
0.708467822,10.71926004,1
1.196165399,10.46372081,1
0.908069318,13.18214704,1
2.724547241,10.32667218,1
0.985972053,12.22377607,1
1.773993569,13.61950448,1
0.477170621,13.21438279,1
2.044787085,10.89804166,1
2.409174601,13.89081804,1
2.595757336,12.62809789,1
1.022377148,13.01133879,1
2.891122629,12.94193321,1
0.335978669,12.23538621,1
2.011161441,10.52603238,1
2.708528149,12.25477655,1
3.050488313,12.12395767,1
2.600465039,10.78528951,1
1.022068829,13.62695308,1
1.230280191,13.58538298,1
1.803066396,11.78159031,1
2.639811116,12.54112175,1
3.155959537,11.61904532,1
1.94421838,10.38366868,1
2.132181487,12.46153484,1
1.762986302,12.51097113,1
3.869006061,12.39568754,1
1.780136867,11.27683065,1
0.368573825,13.04421436,1
2.592697546,13.90873771,1
1.752089122,10.21296672,1
1.883689408,12.15736284,1
1.997601731,10.59331481,1
3.60633703,12.01232783,1
3.407370025,10.73616424,1
2.086517125,11.07260716,1
3.050887618,10.97099863,1
3.387807926,10.84919594,1
0.401431955,11.41583336,1
1.467419625,13.81252381,1
2.713001607,10.22342751,1
2.401320239,10.61723721,1
3.923675021,12.10114461,1
2.290549791,10.83582601,1
2.414493499,10.25459241,1
0.780221542,12.30810768,1
1.160771664,12.71263984,1
2.841393888,13.62832785,1
2.628212058,11.29144671,1
2.983590372,10.30759578,1
2.206397651,10.08230321,1
1.549238547,13.58957403,1
0.622487196,12.97218811,1
3.049882026,10.93952606,1
1.326688935,11.39556654,1
3.464752639,11.88261478,1
2.687841992,10.61675077,1
1.008904605,12.55986658,1
2.282934132,10.0320049,1
0.100010221,12.35778745,1
1.066807898,13.6999789,1
0.974712985,12.75337646,1
3.574055382,13.08285998,1
1.733644392,10.04209139,1
2.978432087,11.11730538,1
1.848866191,13.2323734,1
1.584842062,13.54878777,1
3.490231266,12.96965367,1
3.455586406,13.32314292,1
2.748109363,13.1361672,1
0.287996315,12.25433832,1
2.17785525,12.71146184,1
0.228182029,12.52992237,1
1.012541967,12.63582511,1
2.613942194,13.70086124,1
1.069360745,10.60380588,1
1.986161599,12.5606782,1
1.98194953,11.65972296,1
1.005419794,12.02085266,1
3.626979649,11.36147084,1
2.848747953,13.52774874,1
0.439913554,12.14221621,1
2.572320607,12.36590169,1
3.307881206,12.39784737,1
1.52794148,10.7169356,1
2.856728643,13.52419705,1
0.569580206,12.25533074,1
2.607973324,10.36161926,1
3.65412729,12.93165966,1
2.134090863,13.04710183,1
0.344258451,12.19848079,1
3.283575729,13.10999508,1
1.379543024,11.62259397,1
1.554700946,12.15649581,1
3.70953031,10.98240334,1
0.024925782,11.87503672,1
0.82346207,12.34943843,1
1.833821567,13.11812613,1
1.323444361,11.91718566,1
3.192510052,11.52488341,1
1.131251307,11.28243317,1
2.163849416,10.18260923,1
2.396848454,12.86801101,1
3.426401829,11.28516408,1
1.711426149,12.75306661,1
1.195535112,11.55843286,1
2.698528871,10.22576249,1
2.159822019,11.30696063,1
0.568042103,12.17454419,1
3.011557157,10.89215508,1
2.55998333,11.79718314,1
2.680501256,12.24276711,1
0.720354817,11.61412595,1
1.68205541,10.29012097,1
3.192073073,13.3435024,1
1.056703562,12.89096578,1
2.185800346,12.58146275,1
1.314057285,10.99570215,1
0.749061904,10.95693222,1
3.49369164,12.66202779,1
1.510704499,12.72726306,1
2.661803074,10.99985229,1
2.446891991,13.61717324,1
0.717037426,13.50433205,1
2.81741917,11.88097787,1
3.2893811,12.49491151,1
1.999632036,11.7143412,1
1.827430603,12.25210479,1
2.152420091,12.80776089,1
0.277481083,11.94531223,1
3.374542115,10.70727286,1
3.283068948,11.1803852,1
3.635914251,13.09049667,1
2.472387382,13.63665605,1
1.218881893,11.65449294,1
2.652771859,13.46741385,1
2.84548431,13.15669189,1
1.94100144,10.56918634,1
3.460751791,11.95167953,1
2.147167521,12.40614233,1
3.545560967,12.88649966,1
0.90723272,10.64604479,1
1.649404122,13.3579676,1
0.839844443,10.99718708,1
1.477986686,11.07229102,1
3.481445069,11.51660567,1
2.828719955,12.70970754,1
0.413765904,13.20378912,1
2.747091234,10.16712267,1
1.89614551,11.02608874,1
2.02722797,13.9579298,1
1.987541575,13.82419401,1
3.062520041,12.70042446,1
2.559198487,11.16659701,1
0.195317499,12.20652738,1
1.523015177,10.6953055,1
1.129386131,12.7453859,1
3.390892365,11.46637096,1
0.137932495,11.47147462,1
1.511963801,10.20225402,1
3.930142758,11.792846,1
2.319441647,12.69877792,1
0.101046828,11.47639183,1
3.065631324,13.43532226,1
1.372702313,10.80972674,1
2.412905389,11.44313381,1
2.839426945,11.64322869,1
1.26727243,13.77931762,1
3.410565315,11.31058248,1
3.334639072,13.48724198,1
3.877109893,11.5872904,1
2.679826124,12.06117198,1
1.940486779,11.63914162,1
2.325044849,10.9256615,1
0.966599535,13.28476593,1
1.200642437,10.70109051,1
2.674997187,13.05307878,1
2.865219753,11.14453766,1
2.377263364,13.59963483,1
1.412136551,10.36086181,1
0.380738992,12.31670937,1
0.91352405,11.91700396,1
0.8312268,12.68648988,1
2.512074306,10.72499108,1
2.490108526,13.28051905,1
0.883642642,12.13650848,1
1.390104722,10.69043057,1
1.103554676,11.66306552,1
1.120319633,11.97005974,1
1.556698726,10.97409526,1
3.779247687,12.26008698,1
2.901607956,12.46894324,1
0.445837458,11.04810731,1
2.236796036,10.69006584,1
3.453642677,10.64985177,1
2.553138129,10.98485421,1
2.991696751,11.18824264,1
2.753811886,10.78931746,1
1.073123639,13.49421237,1
1.580184847,11.41157515,1
3.120758085,12.12545085,1
2.090733846,11.53615615,1
2.644786037,10.95992381,1
1.106622682,11.62577762,1
1.304657762,11.62209661,1
2.251789365,13.25496217,1
2.251634862,11.56632042,1
3.004993227,10.33277521,1
2.413888768,12.54757772,1
2.168165297,11.73917592,1
2.723109194,10.37681228,1
0.023268112,11.83738249,1
1.975634889,10.21786118,1
1.197274038,11.44774173,1
2.072940861,13.16626653,1
0.424135415,12.91880024,1
1.481856435,11.26843271,1
3.44272756,11.70176397,1
1.695596805,10.03882128,1
2.175408782,11.94142219,1
3.598990676,10.96998725,1
2.845714228,11.54452742,1
0.35121662,11.32886621,1
1.948561098,13.99871153,1
2.788654468,10.95616035,1
1.644112924,12.75836198,1
3.184024794,11.72165154,1
2.743471813,10.17226552,1
1.309507233,10.16493255,1
0.446557311,12.74690879,1
3.402031674,11.87914517,1
1.367425286,12.86032836,1
1.644993558,11.24394057,1
2.780070369,11.06333761,1
1.241529907,13.0378432,1
3.416527222,12.53849782,1
2.021337335,12.44587897,1
2.974000164,13.27332141,1
3.676937733,12.78850897,1
2.45896887,12.66698648,1
0.9768541,13.51548951,1
1.895469205,11.51786028,1
2.884850592,13.2360717,1
1.682652025,13.01351488,1
0.248478435,12.17306976,1
1.27593255,11.4492334,1
1.319332561,11.1197999,1
2.283300072,11.87166404,1
0.439816419,11.73802658,1
0.842125484,11.08257059,1
2.163493978,12.84430516,1
1.453317313,11.58438298,1
0.821719477,12.59242511,1
1.140283841,11.18361193,1
2.547340162,10.61525605,1
2.012005501,10.3578819,1
0.317956645,11.22080925,1
2.438172133,12.19108559,1
2.003914071,13.56879301,1
2.106198743,12.1544517,1
3.078997226,13.56638722,1
2.582072386,11.50853313,1
1.702997326,10.89637112,1
2.203799917,12.54395757,1
2.968981595,11.52067173,1
3.752982578,11.17162043,1
3.348755527,12.23372521,1
3.065747219,12.24776327,1
3.714584052,10.9819964,1
0.711706987,12.7164333,1
3.151118705,13.53941359,1
3.37501062,12.00956359,1
1.572016289,11.61272037,1
2.035722966,10.74394841,1
2.282384653,12.7475021,1
1.052692964,12.93446874,1
0.86418404,13.40928086,1
3.011951596,13.65582246,1
2.600277321,12.68531073,1
3.63513549,11.06233675,1
2.321949798,13.19147909,1
2.692507284,11.59149725,1
0.329278339,11.03857619,1
2.104252013,13.08898654,1
0.887000095,13.30093577,1
1.949920431,11.17011689,1
0.339564507,13.10376233,1
1.375968692,13.00932404,1
1.268966135,10.31623407,1
2.330258645,10.68750711,1
1.342374926,13.50354104,1
1.467049704,13.87861377,1
2.148460315,10.62517985,1
0.388011949,11.01280429,1
3.077676988,11.14092493,1
2.215998814,13.16438415,1
1.353778604,10.80579493,1
2.952104002,11.14678591,1
3.072657296,11.08425182,1
2.793059771,12.22830354,1
1.552205278,13.11647262,1
1.251315239,11.8689657,1
1.397569644,11.85693833,1
2.06530994,13.18876105,1
1.311877201,11.43482543,1
1.904811016,13.80658727,1
0.203131296,12.74254089,1
1.830934966,12.5139906,1
3.72691371,12.40693967,1
2.309615002,12.08285291,1
3.590091452,12.93959541,1
2.866231318,11.5729269,1
3.439913354,12.83043249,1
2.397599037,11.94900962,1
3.121976352,10.37061738,1
3.606369121,11.24593846,1
2.887870482,10.22520178,1
0.772694764,11.95353549,1
1.667281525,11.21944721,1
2.533142733,13.04698027,1
2.439650685,10.42776072,1
1.496313183,11.90748885,1
2.095315298,11.05087831,1
0.909690291,11.20802378,1
2.156909078,10.31054091,1
0.818040872,12.3225058,1
2.874342779,10.53875248,1
1.433411638,12.11623115,1
3.132788749,11.92958787,1
2.032493716,13.26069214,1
1.814440945,11.58973071,1
1.554314332,11.86083313,1
1.904827897,13.19316991,1
2.180185423,13.158467,1
2.01453946,11.88556612,1
2.530883886,13.41586774,1
2.883397714,11.65872399,1
0.638843357,10.68665923,1
1.48376763,10.55732074,1
3.296554323,11.22603944,1
3.499406741,12.48481516,1
2.296914221,10.07904114,1
0.775671676,12.35406585,1
2.520086696,11.94607587,1
3.014858475,13.60934868,1
2.416217868,11.01213753,1
1.928585048,11.63875635,1
2.173221589,10.71395755,1
1.163622301,13.32621002,1
0.269564566,11.89196879,1
0.191377784,11.95341372,1
2.786589253,13.49933502,1
2.256300153,11.50588054,1
2.653624346,11.33290623,1
0.971469188,10.54396505,1
2.043971273,13.04185704,1
0.366863817,11.00156029,1
1.584530859,10.86320271,1
1.794712715,13.94071295,1
1.93213839,12.24345459,1
1.388670568,10.59754086,1
2.922813701,12.68108978,1
1.172445483,11.76988309,1
3.307329098,12.36192557,1
2.943336109,12.56310614,1
2.678085156,13.72503966,1
1.782372305,13.44108564,1
1.053187347,11.44420747,1
3.459212521,11.16372464,1
3.442810139,12.64453661,1
1.261882877,11.05758878,1
2.733273132,10.38581639,1
2.718673978,13.41008369,1
2.985735649,12.448425,1
3.017262927,12.91011737,1
3.662102715,11.76180904,1
1.676151231,11.31866052,1
1.891866145,10.141386,1
3.467969556,12.02328548,1
2.552038558,10.17518089,1
0.588829777,11.85114527,1
3.637735721,12.9377378,1
3.942359623,12.34212541,1
0.938465725,10.86573552,1
1.583735271,13.8855721,1
2.683581192,13.78103483,1
2.764289016,11.17079338,1
2.90557411,11.00936297,1
1.941184687,13.77106579,1
3.643795477,11.24027419,1
1.866758599,12.23608956,1
2.47173055,13.34825109,1
2.131815956,12.71717083,1
3.418683697,12.66081903,1
1.584155092,12.25628784,1
1.573888792,13.30359325,1
2.228829583,11.06577926,1
3.431104518,12.84142473,1
3.053257535,11.08345342,1
3.623275771,12.43738649,1
1.219564682,10.54201607,1
2.071331856,10.72126206,1
0.012321251,11.91321407,1
1.631153569,12.7930343,1
1.08485218,10.89066919,1
3.492678822,11.89035049,1
1.960494373,12.75131292,1
1.937948825,12.18663949,1
2.457653926,11.24362866,1
3.466913282,11.92318829,1
0.356914888,12.1561962,1
2.730117086,11.12763495,1
2.591240638,12.92621135,1
3.157323774,12.42517927,1
1.666855872,10.61432091,1
3.703720458,12.34389725,1
2.82650862,11.87661848,1
3.773007584,12.04040651,1
3.733298278,11.48585097,1
2.222332966,10.84558525,1
3.107373251,11.88485866,1
1.821601442,11.56017216,1
2.650155076,10.67554836,1
1.160741893,10.72365028,1
1.538763406,12.83115916,1
0.642795158,10.81431286,1
3.264090922,10.67706618,1
2.674486164,10.22117045,1
2.047292187,13.0389458,1
2.567944591,11.25627831,1
0.134931657,11.8144973,1
2.86621064,11.2373225,1
3.808252474,11.72433016,1
2.610422261,13.05132665,1
2.144644548,11.15946691,1
2.142530478,11.19130884,1
3.376764702,10.55228909,1
0.546062009,12.76815073,1
0.838675494,11.80856895,1
1.317967207,12.28890106,1
0.23009476,12.64474684,1
0.117180514,11.61660383,1
0.661613679,12.9486704,1
0.904655311,10.9007199,1
3.182635932,11.91813464,1
2.902394006,13.51309397,1
3.285090159,12.95420387,1
2.421279514,12.24845021,1
3.22533507,10.55117943,1
1.726469304,13.68329001,1
1.679427538,12.80567742,1
2.705938202,12.59976577,1
2.502011579,12.33403036,1
3.336872564,11.27325488,1
3.015447006,11.78743461,1
0.702684277,12.96479762,1
1.256491283,11.14820181,1
1.637704042,13.84893317,1
2.984085362,12.81254401,1
3.3471199,10.55300814,1
0.536612429,11.48005481,1
2.256916657,10.63338855,1
1.127809283,10.45484844,1
2.378934656,13.06497262,1
1.501877722,10.27883852,1
1.425072837,13.1100134,1
1.640376793,12.38497826,1
2.430548915,11.46705361,1
1.191930813,11.05362285,1
1.123865588,10.65729113,1
2.932679006,10.81026367,1
2.469781506,11.40797595,1
1.824834492,10.15788133,1
1.697707859,10.0795818,1
2.277941203,10.48265589,1
2.044022669,13.66160712,1
3.120353446,12.28216927,1
2.097604414,12.62324891,1
0.797693866,13.29739441,1
3.518835969,11.71168902,1
1.591066043,12.4524778,1
1.744602779,10.39332532,1
1.32843869,10.30784323,1
0.80772464,11.09007584,1
3.35270902,13.26148159,1
1.526505726,10.46075022,1
0.498688942,11.10939512,1
1.077275276,13.23489615,1
1.159780484,13.40409729,1
2.709620218,11.02283233,1
1.621806855,11.29397019,1
1.124647655,11.17691893,1
0.517681551,11.7273825,1
3.525229525,10.9640976,1
3.085244015,13.0109026,1
2.730818769,13.42601181,1
1.9523061,13.35270049,1
2.334942582,12.44717089,1
1.724731523,10.77787738,1
1.372604857,10.6125417,1
1.453383667,12.85913774,1
1.650828566,12.87978487,1
2.272187655,11.57101704,1
2.075669815,10.59299085,1
2.445277324,12.90129646,1
1.52432064,10.66947761,1
0.094144211,11.96201602,1
0.699365973,13.25415065,1
1.922837348,11.48528206,1
1.950717009,10.39103886,1
1.258808397,11.19469822,1
2.220542926,10.57099992,1
2.715547255,11.26671836,1
1.069337675,12.40940363,1
2.236565525,12.671709,1
1.183172641,11.24302523,1
2.191741691,10.91221562,1
0.34504123,12.77869877,1
2.935474101,13.31147443,1
3.182241424,12.46231354,1
2.733125656,11.05310472,1
2.813154316,10.76514376,1
1.723795732,13.706729,1
3.596671045,12.65049666,1
3.080541032,11.68645096,1
2.608314576,13.68534439,1
1.310340506,12.35411131,1
1.76766912,13.69515419,1
2.716698664,11.5626899,1
0.600855328,10.7960404,1
0.806597355,10.72435142,1
1.844197832,12.09957113,1
3.431260798,10.82861293,1
2.049485228,11.30833029,1
3.800723897,12.63324469,1
1.386159007,11.60834048,1
2.091304648,10.36284818,1
0.962137131,11.29849852,1
3.247457289,12.4451165,1
0.955122434,12.42459902,1
0.289841485,12.48210069,1
2.646078042,10.74271954,1
0.710852836,10.55200358,1
0.870274783,10.44682146,1
2.340876782,11.52006378,1
2.721603851,12.47199192,1
2.129166768,10.22565253,1
0.427940447,12.76104867,1
1.940410164,11.84534438,1
3.453332498,11.99598449,1
2.427055239,10.32213773,1
0.559456462,11.12147974,1
2.940451949,12.26009301,1
3.829377019,12.73488254,1
1.677120683,12.45102795,1
2.693438511,11.75284061,1
2.120210091,13.32631693,1
2.397399468,11.94802482,1
0.560538104,13.07611181,1
2.580437839,10.37109854,1
2.757119143,11.28562723,1
2.01421738,12.63041042,1
2.460971488,11.66445485,1
2.466698773,10.37839782,1
3.292877175,11.58692368,1
1.355939775,11.86154142,1
3.411391705,13.31748944,1
2.74195185,10.44282305,1
2.215487929,13.84605703,1
2.927042602,11.01667459,1
1.900839588,11.90902597,1
0.475832607,10.77498692,1
2.306797332,12.09658038,1
0.725929814,10.99205871,1
1.499242447,12.67301592,1
1.081910359,12.56957137,1
1.732962839,12.95509242,1
1.448254082,12.76050303,1
0.978273807,11.31004277,1
3.656088806,12.94119676,1
1.688869618,10.3010319,1
1.414691392,13.06412287,1
1.073829068,10.65024604,1
1.6775009,13.90094774,1
1.579463919,10.64552209,1
2.656245868,11.42889788,1
1.832624788,13.79279376,1
3.102625116,12.7257972,1
1.55421435,10.44948753,1
1.112902044,12.00812637,1
2.795946673,13.7107975,1
2.795643915,10.99808442,1
1.389851591,13.72998178,1
2.719740613,10.84109212,1
3.285176808,12.05560535,1
1.41880132,13.10023002,1
2.491886006,11.96490074,1
0.860608649,10.82729724,1
0.73397032,11.76938539,1
1.064699923,10.66140796,1
0.739917078,12.78723062,1
2.465672085,12.85202337,1
2.558287059,11.00532234,1
2.900155567,10.58528009,1
2.346405969,12.241844,1
2.60419007,11.17310831,1
0.246864204,12.00197661,1
2.422715624,10.88035174,1
2.057583241,13.17738334,1
2.270840284,11.34463149,1
3.303277128,12.52434515,1
2.7002756,10.62227494,1
0.737502894,11.81218362,1
1.348807401,10.3723296,1
1.823083586,10.02151251,1
2.827381805,13.72948034,1
1.575797671,13.3501574,1
1.110491452,10.61689528,1
1.162554511,12.86491852,1
2.709753839,12.89403715,1
2.549155886,10.52325085,1
3.011665556,11.52705831,1
1.506659015,11.55826998,1
1.171903377,10.9948545,1
2.949155419,13.23465694,1
1.868581648,10.08201752,1
1.789354561,12.18735974,1
3.18637201,13.53013202,1
0.445930114,11.04226762,1
3.747269307,12.54497292,1
2.487536046,12.40043644,1
1.257447663,13.70473592,1
2.220953619,10.43737416,1
2.615310641,11.91120989,1
3.200228385,10.75096923,1
1.504963832,10.47319404,1
1.299383675,13.30281162,1
0.231192191,11.2813584,1
3.256924429,12.35637425,1
1.233654808,12.38274372,1
3.561975832,11.55268168,1
0.80620544,11.78091884,1
1.71900799,13.11721234,1
1.779374295,10.30662313,1
3.112359591,11.4731908,1
2.600736166,11.5019049,1
1.165872919,10.81364117,1
1.899829275,10.28889614,1
2.726116753,12.87038087,1
3.506235367,11.92855403,1
2.577274677,12.00705635,1
0.242562003,11.29259428,1
3.283262153,12.66974241,1
1.127425021,13.29535021,1
2.034923264,11.6709855,1
0.464529051,10.93957203,1
2.737261805,13.40509108,1
3.879582803,11.97310598,1
2.579502252,10.32344154,1
0.907305064,11.66864811,1
2.69630606,11.33430235,1
0.30344476,12.0773032,1
2.145070732,11.98442914,1
1.763667947,11.83533259,1
2.407266853,13.66592312,1
2.727035698,12.37930225,1
2.068741933,11.67967235,1
2.271073958,12.35650673,1
1.780705818,11.43418188,1
3.046604593,11.42695592,1
2.103147563,10.96660045,1
3.683183458,12.61631553,1
1.326975026,12.75828525,1
3.618516895,13.06416971,1
2.082530808,11.74942728,1
1.98275421,13.08227527,1
1.66227499,13.69381297,1
3.022931954,11.33773843,1
3.447854819,11.67936524,1
1.211226738,10.27432807,1
2.580281089,13.26173697,1
0.967550399,10.48513502,1
1.662932709,12.36793512,1
0.748805596,11.72409833,1
1.108676436,12.84750542,1
3.076273194,11.75672412,1
2.124815011,11.9744037,1
1.939189811,13.54093773,1
1.183832883,13.30100932,1
3.147379352,12.48303836,1
2.693340727,12.60385518,1
1.947279579,13.21647695,1
3.146218863,10.7278101,1
1.10965318,12.93545479,1
1.472150738,10.15371874,1
0.730286987,13.06791409,1
0.959094153,10.43970083,1
1.402377796,12.75010242,1
0.123093112,11.96422,1
0.675906804,13.17014923,1
1.019027853,13.32902645,1
1.663042225,13.89155231,1
3.307838737,12.79629387,1
0.201252843,11.77461691,1
2.704883223,11.24319239,1
2.885821757,11.81936505,1
3.374829551,13.2833262,1
1.830920719,10.68787281,1
3.533179904,12.06191207,1
3.652617758,11.69922238,1
1.642521378,10.39403045,1
1.276198396,13.34612109,1
0.481054863,11.360465,1
3.254847865,10.4499586,1
1.646667082,11.02901125,1
0.145192254,12.4804192,1
1.395456569,10.89226909,1
1.488152616,13.55076683,1
0.120177693,12.17637919,1
1.199678099,11.87821945,1
3.093231971,11.78710454,1
0.904389536,12.61558796,1
3.143459513,13.27826364,1
3.052116452,13.27892353,1
2.327417291,12.86649232,1
1.033685902,11.60084761,1
3.817449612,11.39141856,1
0.269238592,11.22780904,1
1.241961541,12.20262922,1
3.429242911,11.41093206,1
3.176381767,11.04873587,1
0.05203454,11.9906319,1
1.771930723,10.37220174,1
1.488833086,11.78566121,1
2.820230541,11.70553036,1
3.165015438,10.39786159,1
0.532531145,12.75764,1
2.205708619,10.17699287,1
2.839083703,11.70517131,1
1.615715174,12.17482007,1
2.302283878,13.51388033,1
2.826717236,11.20256426,1
3.010024417,11.13590632,1
0.78604425,11.29064436,1
1.998181977,13.49781812,1
2.39061833,11.58146942,1
1.394254145,13.74239016,1
0.215097455,11.79349063,1
1.798040209,10.3653767,1
1.247940929,12.22522172,1
1.908114062,11.55914229,1
1.830681496,11.84975152,1
3.014927878,10.38389166,1
0.728655198,12.12467409,1
3.677415338,11.2356576,1
0.951941316,10.89493427,1
3.414757814,12.34908807,1
3.564451916,13.10058097,1
2.924497043,11.71601018,1
3.056308441,12.66976153,1
1.65717992,11.59578319,1
1.246373378,13.35702982,1
2.209651765,13.1886287,1
3.201758133,12.1031075,1
2.059946293,12.6711062,1
2.868695807,12.17343572,1
3.30665729,11.52118853,1
3.393825642,11.27564232,1
1.826709128,12.01821036,1
3.34676271,12.21752721,1
0.884910699,12.33659579,1
1.390448838,10.45766396,1
2.651230734,13.22684996,1
3.305902301,10.70986814,1
2.686687324,13.44631895,1
1.80554061,10.42224128,1
1.7727622,11.05260915,1
2.829058567,12.34685001,1
0.727507919,13.27998127,1
2.256976548,13.96662036,1
2.89072599,13.08776626,1
1.104909832,12.96920708,1
0.407746015,11.78766973,1
1.181929234,13.37499455,1
2.380482044,11.19113028,1
1.945606155,10.63923188,1
1.105744652,11.88039127,1
2.930858748,10.45514782,1
1.275237906,10.86407342,1
0.953466337,12.00005525,1
1.79135936,13.52100908,1
1.077968466,11.57070428,1
0.683422466,10.55430783,1
1.965004362,12.90526386,1
3.593825293,11.6453418,1
2.172679146,12.49176661,1
2.508229,11.35675299,1
2.370018394,12.91314904,1
1.078808892,12.36383102,1
2.466582785,13.76579942,1
2.395188878,13.60784363,1
0.470922956,13.267682,1
0.768324201,10.53426054,1
3.806517772,11.40364421,1
1.28271332,12.79633459,1
0.147092096,11.48133602,1
1.407328918,12.46424442,1
0.91708057,10.75419521,1
1.92340304,12.26983422,1
2.709616712,13.26848677,1
0.597446267,11.34339491,1
1.616580426,11.18525422,1
0.913642736,11.6219506,1
1.838721984,12.81615609,1
0.629018579,11.33505674,1
2.145903752,10.12799406,1
1.820046796,10.21770883,1
0.60688327,13.39965312,1
2.056989128,13.3756077,1
0.657430876,12.00885005,1
1.280366999,12.48272084,1
1.702607272,13.04293737,1
1.556311802,11.44000107,1
1.519001101,12.70513575,1
2.393772651,11.9985612,1
3.80699483,11.76898463,1
3.257475552,12.3619367,1
0.180809445,11.39982119,1
2.342074739,13.05128756,1
3.708950733,12.33306279,1
2.160130524,10.10534011,1
3.143444918,13.15448111,1
1.518209764,12.15763891,1
2.002369502,12.7089196,1
3.74728423,11.51719448,1
3.513828806,11.75394147,1
0.579843906,11.79869535,1
2.769046328,12.50364113,1
3.318160303,11.10651479,1
3.225162794,12.26507537,1
0.352497146,11.50584351,1
2.448153905,11.97017644,1
1.617268533,13.36438722,1
1.727228144,10.87664515,1
2.116448267,12.4428087,1
0.271095892,12.9720003,1
2.720248454,11.87715766,1
3.136290669,10.87454378,1
3.293429635,13.1762376,1
2.830674001,11.88553997,1
0.784961265,11.56075035,1
0.214119439,11.83497754,1
2.819142212,11.46848986,1
0.374752222,12.44757205,1
1.353994219,13.49878298,1
2.629395758,12.79931712,1
0.326821004,12.00905478,1
2.813473891,12.68330884,1
1.229412293,11.66926495,1
0.801037597,11.77636248,1
1.598004273,12.3123337,1
3.224531791,13.42122776,1
2.924884649,12.96664295,1
0.998225355,12.52620003,1
2.152450939,12.94442872,1
3.199295404,12.03865848,1
2.145588157,12.5440998,1
